{"name":"after","type":"method","title":".after()","deprecated":null,"removed":null,"desc":"Insert content, specified by the parameter, after each element in the set of matched elements.","categories":["manipulation/dom-insertion-outside","version/1.0","version/1.4"],"entries":[{"return":"jQuery","signatures":[{"added":"1.0","argument":[{"desc":"HTML string, DOM element, array of elements, or jQuery object to insert after each element in the set of matched elements.","type":[{"name":"htmlString"},{"name":"Element"},{"name":"Array"},{"name":"jQuery"}],"name":"content"},{"desc":"One or more additional DOM elements, arrays of elements, HTML strings, or jQuery objects to insert after each element in the set of matched elements.","type":[{"name":"htmlString"},{"name":"Element"},{"name":"Array"},{"name":"jQuery"}],"name":"content","optional":"true"}]},{"added":"1.4","argument":{"desc":"A function that returns an HTML string, DOM element(s), or jQuery object to insert after each element in the set of matched elements. Receives the index position of the element in the set as an argument. Within the function, <code>this</code> refers to the current element in the set.","name":"function(index)","type":"Function"}}],"examples":[{"desc":"Inserts some HTML after all paragraphs.","code":"\n$( \"p\" ).after( \"<b>Hello</b>\" );\n","css":"\n  p {\n    background: yellow;\n  }\n","html":"\n<p>I would like to say: </p>\n"},{"desc":"Inserts a DOM element after all paragraphs.","code":"\n$( \"p\" ).after( document.createTextNode( \"Hello\" ) );\n","css":"\n  p {\n    background: yellow;\n  }\n","html":"\n<p>I would like to say: </p>\n"},{"desc":"Inserts a jQuery object (similar to an Array of DOM Elements) after all paragraphs.","code":"\n$( \"p\" ).after( $( \"b\" ) );\n","css":"\n  p {\n    background: yellow;\n  }\n","html":"\n<b>Hello</b>\n<p>I would like to say: </p>\n"}],"longdesc":"\n    <p>The <code>.after()</code> and <code><a href=\"/insertAfter/\">.insertAfter()</a></code> methods perform the same task. The major difference is in the syntax&#x2014;specifically, in the placement of the content and target. With <code>.after()</code>, the selector expression preceding the method is the container after which the content is inserted. With <code>.insertAfter()</code>, on the other hand, the content precedes the method, either as a selector expression or as markup created on the fly, and it is inserted after the target container.</p>\n    <p>Using the following HTML:</p>\n    <pre><code>\n&lt;div class=\"container\"&gt;\n  &lt;h2&gt;Greetings&lt;/h2&gt;\n  &lt;div class=\"inner\"&gt;Hello&lt;/div&gt;\n  &lt;div class=\"inner\"&gt;Goodbye&lt;/div&gt;\n&lt;/div&gt;\n    </code></pre>\n    <p>Content can be created and then inserted after several elements at once:</p>\n    <pre><code>\n$( \".inner\" ).after( \"&lt;p&gt;Test&lt;/p&gt;\" );\n    </code></pre>\n    <p>Each inner <code>&lt;div&gt;</code> element gets this new content:</p>\n    <pre><code>\n&lt;div class=\"container\"&gt;\n  &lt;h2&gt;Greetings&lt;/h2&gt;\n  &lt;div class=\"inner\"&gt;Hello&lt;/div&gt;\n  &lt;p&gt;Test&lt;/p&gt;\n  &lt;div class=\"inner\"&gt;Goodbye&lt;/div&gt;\n  &lt;p&gt;Test&lt;/p&gt;\n&lt;/div&gt;</code></pre>\n    <p>An element in the DOM can also be selected and inserted after another element:</p>\n    <pre><code>\n$( \".container\" ).after( $( \"h2\" ) );\n    </code></pre>\n    <p>If an element selected this way is inserted into a single location elsewhere in the DOM, it will be moved rather than cloned:</p>\n    <pre><code>\n&lt;div class=\"container\"&gt;\n  &lt;div class=\"inner\"&gt;Hello&lt;/div&gt;\n  &lt;div class=\"inner\"&gt;Goodbye&lt;/div&gt;\n&lt;/div&gt;\n&lt;h2&gt;Greetings&lt;/h2&gt;\n    </code></pre>\n    <p>If there is more than one target element, however, cloned copies of the inserted element will be created for each target after the first.</p>\n    <h4 id=\"disconnected-dom-nodes\">Inserting Disconnected DOM nodes</h4>\n    <p>As of jQuery 1.4, <code>.before()</code> and <code>.after()</code> will also work on disconnected DOM nodes. For example, given the following code:</p>\n    <pre><code>$( \"&lt;div&gt;&lt;/div&gt;\" ).after( \"&lt;p&gt;&lt;/p&gt;\" );</code></pre>\n    <p>The result is a jQuery set containing a div and a paragraph, in that order. That set can be further manipulated, even before it is inserted in the document.</p>\n    <pre><code>\n$( \"&lt;div&gt;&lt;/div&gt;\" )\n  .after( \"&lt;p&gt;&lt;/p&gt;\" )\n  .addClass( \"foo\" )\n  .filter( \"p\" )\n    .attr( \"id\", \"bar\" )\n    .html( \"hello\" )\n  .end()\n  .appendTo( \"body\" );\n    </code></pre>\n    <p>This results in the following elements inserted just before the closing <code>&lt;/body&gt;</code> tag:</p>\n    <pre><code>\n&lt;div class=\"foo\"&gt;&lt;/div&gt;\n&lt;p class=\"foo\" id=\"bar\"&gt;hello&lt;/p&gt;\n    </code></pre>\n    <h4 id=\"passing-a-function\">Passing a Function</h4>\n    <p>As of jQuery 1.4, <code>.after()</code> supports passing a function that returns the elements to insert.</p>\n    <pre><code>\n$( \"p\" ).after(function() {\n  return \"&lt;div&gt;\" + this.className + \"&lt;/div&gt;\";\n});\n    </code></pre>\n    <p>This example inserts a <code>&lt;div&gt;</code> after each paragraph, with each new <code>&lt;div&gt;</code> containing the class name(s) of its preceding paragraph.</p>\n    <h4 id=\"additional-arguments\">Additional Arguments</h4>\n    <p>Similar to other content-adding methods such as <code><a href=\"/prepend/\">.prepend()</a></code> and <code><a href=\"/before/\">.before()</a></code>, <code>.after()</code> also supports passing in multiple arguments as input. Supported input includes DOM elements, jQuery objects, HTML strings, and arrays of DOM elements.</p>\n    <p>For example, the following will insert two new <code>&lt;div&gt;</code>s and an existing <code>&lt;div&gt;</code> after the first paragraph:</p>\n    <pre><code>\nvar $newdiv1 = $( \"&lt;div id='object1'/&gt;\" ),\n  newdiv2 = document.createElement( \"div\" ),\n  existingdiv1 = document.getElementById( \"foo\" );\n\n$( \"p\" ).first().after( $newdiv1, [ newdiv2, existingdiv1 ] );\n    </code></pre>\n    <p>Since <code>.after()</code> can accept any number of additional arguments, the same result can be achieved by passing in the three <code>&lt;div&gt;</code>s as three separate arguments, like so: <code>$( \"p\" ).first().after( $newdiv1, newdiv2, existingdiv1 )</code>. The type and number of arguments will largely depend on the elements that are collected in the code.</p>\n  "}]}