{"name":"change","type":"method","title":".change()","deprecated":null,"removed":null,"desc":"Bind an event handler to the \"change\" JavaScript event, or trigger that event on an element.","categories":["events/form-events","forms","version/1.0","version/1.4.3"],"entries":[{"return":"jQuery","signatures":[{"added":"1.0","argument":{"desc":"A function to execute each time the event is triggered.","name":"handler(eventObject)","type":"Function"}},{"added":"1.4.3","argument":[{"desc":"An object containing data that will be passed to the event handler.","name":"eventData","type":"Object","optional":"true"},{"desc":"A function to execute each time the event is triggered.","name":"handler(eventObject)","type":"Function"}]},{"added":"1.0"}],"examples":[{"desc":"Attaches a change event to the select that gets the text for each selected option and writes them in the div.  It then triggers the event for the initial text draw.","code":"\n$( \"select\" )\n  .change(function () {\n    var str = \"\";\n    $( \"select option:selected\" ).each(function() {\n      str += $( this ).text() + \" \";\n    });\n    $( \"div\" ).text( str );\n  })\n  .change();\n","css":"\n  div {\n    color: red;\n  }\n","html":"\n<select name=\"sweets\" multiple=\"multiple\">\n  <option>Chocolate</option>\n  <option selected=\"selected\">Candy</option>\n  <option>Taffy</option>\n  <option selected=\"selected\">Caramel</option>\n  <option>Fudge</option>\n  <option>Cookie</option>\n</select>\n<div></div>\n"},{"desc":"To add a validity test to all text input elements:","code":"\n$( \"input[type='text']\" ).change(function() {\n  // Check input( $( this ).val() ) for validity here\n});\n"}],"longdesc":"\n    <p>This method is a shortcut for <code>.on( \"change\", handler )</code> in the first two variations, and <code>.trigger( \"change\" )</code> in the third.</p>\n    <p>The <code>change</code> event is sent to an element when its value changes. This event is limited to <code>&lt;input&gt;</code> elements, <code>&lt;textarea&gt;</code> boxes and <code>&lt;select&gt;</code> elements. For select boxes, checkboxes, and radio buttons, the event is fired immediately when the user makes a selection with the mouse, but for the other element types the event is deferred until the element loses focus.</p>\n    <p>For example, consider the HTML:</p>\n    <pre><code>\n&lt;form&gt;\n  &lt;input class=\"target\" type=\"text\" value=\"Field 1\"&gt;\n  &lt;select class=\"target\"&gt;\n    &lt;option value=\"option1\" selected=\"selected\"&gt;Option 1&lt;/option&gt;\n    &lt;option value=\"option2\"&gt;Option 2&lt;/option&gt;\n  &lt;/select&gt;\n&lt;/form&gt;\n&lt;div id=\"other\"&gt;\n  Trigger the handler\n&lt;/div&gt;\n    </code></pre>\n    <p>The event handler can be bound to the text input and the select box:</p>\n    <pre><code>\n$( \".target\" ).change(function() {\n  alert( \"Handler for .change() called.\" );\n});\n    </code></pre>\n    <p>Now when the second option is selected from the dropdown, the alert is displayed. It is also displayed if you change the text in the field and then click away. If the field loses focus without the contents having changed, though, the event is not triggered. To trigger the event manually, apply <code>.change()</code> without arguments:</p>\n    <pre><code>\n$( \"#other\" ).click(function() {\n  $( \".target\" ).change();\n});\n    </code></pre>\n    <p>After this code executes, clicks on <samp>Trigger the handler</samp> will also alert the message. The message will display twice, because the handler has been bound to the <code>change</code> event on both of the form elements.</p>\n    <p>As of jQuery 1.4, the <code>change</code> event bubbles in Internet Explorer, behaving consistently with the event in other modern browsers.</p>\n  "}]}