{"name":"html","type":"method","title":".html()","deprecated":null,"removed":null,"desc":"Get the HTML contents of the first element in the set of matched elements or set the HTML contents of every matched element.","categories":["attributes","manipulation/dom-insertion-inside","version/1.0","version/1.4"],"entries":[{"return":"String","signatures":{"added":"1.0"},"examples":{"desc":"Click a paragraph to convert it from html to text.","code":"\n$( \"p\" ).click(function() {\n  var htmlString = $( this ).html();\n  $( this ).text( htmlString );\n});\n","css":"\n  p {\n    margin: 8px;\n    font-size: 20px;\n    color: blue;\n    cursor: pointer;\n  }\n  b {\n    text-decoration: underline;\n  }\n  button {\n    cursor: pointer;\n  }\n","html":"\n<p>\n  <b>Click</b> to change the <span id=\"tag\">html</span>\n</p>\n<p>\n  to a <span id=\"text\">text</span> node.\n</p>\n<p>\n  This <button name=\"nada\">button</button> does nothing.\n</p>\n"},"desc":"Get the HTML contents of the first element in the set of matched elements.","longdesc":"\n      <p>This method is not available on XML documents.</p>\n      <p>In an HTML document, <code>.html()</code> can be used to get the contents of any element. If the selector expression matches more than one element, only the first match will have its HTML content returned. Consider this code:</p>\n      <pre><code>\n$( \"div.demo-container\" ).html();\n      </code></pre>\n      <p>In order for the following <code>&lt;div&gt;</code>'s content to be retrieved, it would have to be the first one with <code>class=\"demo-container\"</code> in the document:</p>\n      <pre><code>\n&lt;div class=\"demo-container\"&gt;\n  &lt;div class=\"demo-box\"&gt;Demonstration Box&lt;/div&gt;\n&lt;/div&gt;\n      </code></pre>\n      <p>The result would look like this:</p>\n      <pre><code>\n&lt;div class=\"demo-box\"&gt;Demonstration Box&lt;/div&gt;\n      </code></pre>\n      <p>This method uses the browser's <code>innerHTML</code> property. Some browsers may not return HTML that exactly replicates the HTML source in an original document. For example, Internet Explorer sometimes leaves off the quotes around attribute values if they contain only alphanumeric characters.</p>\n    "},{"return":"jQuery","signatures":[{"added":"1.0","argument":{"desc":"A string of HTML to set as the content of each matched element.","name":"htmlString","type":"htmlString"}},{"added":"1.4","argument":{"desc":"A function returning the HTML content to set. Receives the\n          index position of the element in the set and the old HTML value as arguments.\n          jQuery empties the element before calling the function;\n          use the oldhtml argument to reference the previous content.\n          Within the function, <code>this</code> refers to the current element in the set.","name":"function(index, oldhtml)","type":"Function"}}],"examples":[{"desc":"Add some html to each div.","code":"\n$( \"div\" ).html( \"<span class='red'>Hello <b>Again</b></span>\" );\n","css":"\n  .red {\n    color: red;\n  }\n","html":"\n<span>Hello</span>\n<div></div>\n<div></div>\n<div></div>\n"},{"desc":"Add some html to each div then immediately do further manipulations to the inserted html.","code":"\n$( \"div\" ).html( \"<b>Wow!</b> Such excitement...\" );\n$( \"div b\" )\n  .append( document.createTextNode( \"!!!\" ) )\n  .css( \"color\", \"red\" );\n","css":"\n  div {\n    color: blue;\n    font-size: 18px;\n  }\n","html":"\n<div></div>\n<div></div>\n<div></div>\n"}],"desc":"Set the HTML contents of each element in the set of matched elements.","longdesc":"\n      <p>The <code>.html()</code> method is not available in XML documents. </p>\n      <p>When <code>.html()</code> is used to set an element's content,\n      any content that was in that element is completely replaced by the new content.\n      Additionally, jQuery removes other constructs such as data and event\n      handlers from child elements before replacing those elements with the new content.</p>\n\n      <p>Consider the following HTML:</p>\n      <pre><code>\n&lt;div class=\"demo-container\"&gt;\n  &lt;div class=\"demo-box\"&gt;Demonstration Box&lt;/div&gt;\n&lt;/div&gt;\n      </code></pre>\n      <p>The content of <code>&lt;div class=\"demo-container\"&gt;</code> can be set like this:</p>\n      <pre><code>\n$( \"div.demo-container\" )\n  .html( \"&lt;p&gt;All new content. &lt;em&gt;You bet!&lt;/em&gt;&lt;/p&gt;\" );\n      </code></pre>\n      <p>That line of code will replace everything inside <code>&lt;div class=\"demo-container\"&gt;</code>:</p>\n      <pre><code>\n&lt;div class=\"demo-container\"&gt;\n  &lt;p&gt;All new content. &lt;em&gt;You bet!&lt;/em&gt;&lt;/p&gt;\n&lt;/div&gt;\n      </code></pre>\n      <p>As of jQuery 1.4, the <code>.html()</code> method allows the HTML content to be set by passing in a function.</p>\n      <pre><code>\n$( \"div.demo-container\" ).html(function() {\n  var emphasis = \"&lt;em&gt;\" + $( \"p\" ).length + \" paragraphs!&lt;/em&gt;\";\n  return \"&lt;p&gt;All new content for \" + emphasis + \"&lt;/p&gt;\";\n});\n      </code></pre>\n      <p>Given a document with six paragraphs, this example will set the HTML of <code>&lt;div class=\"demo-container\"&gt;</code> to <code>&lt;p&gt;All new content for &lt;em&gt;6 paragraphs!&lt;/em&gt;&lt;/p&gt;</code>.</p>\n      <p>This method uses the browser's <code>innerHTML</code> property. Some browsers may not generate a DOM that exactly replicates the HTML source provided. For example, Internet Explorer prior to version 8 will convert all <code>href</code> properties on links to absolute URLs, and Internet Explorer prior to version 9 will not correctly handle HTML5 elements without the addition of a separate <a href=\"http://code.google.com/p/html5shiv/\">compatibility layer</a>.</p>\n      <p><strong>Note:</strong> In Internet Explorer up to and including version 9, setting the text content of an HTML element may corrupt the text nodes of its children that are being removed from the document as a result of the operation. If you are keeping references to these DOM elements and need them to be unchanged, use <code>.empty().html( string )</code> instead of <code>.html(string)</code> so that the elements are removed from the document before the new string is assigned to the element.</p>\n    "}]}