{"name":"jQuery.support","type":"property","title":"jQuery.support","deprecated":null,"removed":null,"desc":"A collection of properties that represent the presence of different browser features or bugs. Intended for jQuery's internal use; specific properties may be removed when they are no longer needed internally to improve page startup performance. For your own project's feature-detection needs, we strongly recommend the use of an external library such as <ahref=\"http://modernizr.com\">Modernizr</a> instead of dependency on properties in <code>jQuery.support</code>.","categories":["properties/global-jquery-object-properties","utilities","version/1.3","version/1.5.1"],"entries":[{"return":"Object","signatures":{"added":"1.3"},"examples":null,"longdesc":""}]}