{"name":"live","type":"method","title":".live()","deprecated":"1.7","removed":"1.9","desc":"Attach an event handler for all elements which match the current selector, now and in the future.","categories":["events/event-handler-attachment","version/1.3","deprecated/deprecated-1.7","removed"],"entries":[{"return":"jQuery","signatures":[{"added":"1.3","argument":[{"desc":"A string containing a JavaScript event type, such as \"click\" or \"keydown.\" As of jQuery 1.4 the string can contain multiple, space-separated event types or custom event names.","name":"events","type":"String"},{"desc":"A function to execute at the time the event is triggered.","name":"handler(eventObject)","type":"Function"}]},{"added":"1.4","argument":[{"desc":"A string containing a JavaScript event type, such as \"click\" or \"keydown.\" As of jQuery 1.4 the string can contain multiple, space-separated event types or custom event names.","name":"events","type":"String"},{"desc":"An object containing data that will be passed to the event handler.","name":"data","type":"PlainObject"},{"desc":"A function to execute at the time the event is triggered.","name":"handler(eventObject)","type":"Function"}]},{"added":"1.4.3","argument":{"desc":"A plain object of one or more JavaScript event types and functions to execute for them.","name":"events","type":"PlainObject"}}],"examples":[{"desc":"Cancel a default action and prevent it from bubbling up by returning false.","code":"\n$( \"a\" ).live( \"click\", function() {\n  return false;\n});\n"},{"desc":"Cancel only the default action by using the preventDefault method.","code":"\n$( \"a\" ).live( \"click\", function( event ) {\n  event.preventDefault();\n});\n"},{"desc":"Bind custom events with .live().","code":"\n$( \"p\" ).live( \"myCustomEvent\", function( event, myName, myValue ) {\n  $( this ).text( \"Hi there!\" );\n  $( \"span\" )\n    .stop()\n    .css( \"opacity\", 1 )\n    .text( \"myName = \" + myName )\n    .fadeIn( 30 )\n    .fadeOut( 1000 );\n  });\n$( \"button\" ).click(function() {\n  $( \"p\" ).trigger( \"myCustomEvent\" );\n});\n"},{"desc":"Use an object to bind multiple live event handlers. Note that .live() calls the click, mouseover, and mouseout event handlers for all paragraphs--even new ones.","code":"\n$( \"p\" ).live({\n  click: function() {\n    $( this ).after( \"<p>Another paragraph!</p>\" );\n  },\n  mouseover: function() {\n    $( this ).addClass( \"over\" );\n  },\n  mouseout: function() {\n    $( this ).removeClass( \"over\" );\n  }\n});\n"}],"longdesc":"\n    <p><strong>As of jQuery 1.7</strong>, the <code>.live()</code> method is deprecated. Use <a href=\"/on/\"><code>.on()</code></a> to attach event handlers. Users of older versions of jQuery should use <a href=\"/delegate/\"><code>.delegate()</code></a> in preference to <code>.live()</code>.</p>\n    <p>This method provides a means to attach delegated event handlers to the <code>document</code> element of a page, which simplifies the use of event handlers when content is dynamically added to a page. See the discussion of direct versus delegated events in the <a href=\"/on/\"><code>.on()</code></a> method for more information. </p>\n    <p>Rewriting the <code>.live()</code> method in terms of its successors is straightforward; these are templates for equivalent calls for all three event attachment methods:</p>\n    <pre><code>\n$( selector ).live( events, data, handler );                // jQuery 1.3+\n$( document ).delegate( selector, events, data, handler );  // jQuery 1.4.3+\n$( document ).on( events, selector, data, handler );        // jQuery 1.7+\n    </code></pre>\n    <p>The <code>events</code> argument can either be a space-separated list of event type names and optional namespaces, or an object of event name strings and handlers. The <code>data</code> argument is optional and can be omitted. For example, the following three method calls are functionally equivalent (but see below for more effective and performant ways to attach delegated event handlers):</p>\n    <pre><code>\n$( \"a.offsite\" ).live( \"click\", function() {\n  alert( \"Goodbye!\" ); // jQuery 1.3+\n});\n$( document ).delegate( \"a.offsite\", \"click\", function() {\n  alert( \"Goodbye!\" ); // jQuery 1.4.3+\n});\n$( document ).on( \"click\", \"a.offsite\", function() {\n  alert( \"Goodbye!\" );  // jQuery 1.7+\n});\n    </code></pre>\n    <p>Use of the <code>.live()</code> method is no longer recommended since later versions of jQuery offer better methods that do not have its drawbacks. In particular, the following issues arise with the use of <code>.live()</code>:</p>\n    <ul>\n      <li>jQuery attempts to retrieve the elements specified by the selector before calling the <code>.live()</code> method, which may be time-consuming on large documents.</li>\n      <li>Chaining methods is not supported. For example, <code>$( \"a\" ).find( \".offsite, .external\" ).live( ... ); </code> is <em>not</em> valid and does not work as expected.</li>\n      <li>Since all <code>.live()</code> events are attached at the <code>document</code> element, events take the longest and slowest possible path before they are handled.</li>\n      <li>On mobile iOS (iPhone, iPad and iPod Touch) the <code>click</code> event does not bubble to the document body for most elements and cannot be used with <code>.live()</code> without applying one of the following workarounds:\n        <ol>\n          <li>Use natively clickable elements such as <code>a</code> or <code>button</code>, as both of these do bubble to <code>document</code>.</li>\n          <li>Use <code>.on()</code> or <code>.delegate()</code> attached to an element below the level of <code>document.body</code>, since mobile iOS does bubble within the body.</li>\n          <li>Apply the CSS style <code>cursor:pointer</code> to the element that needs to bubble clicks (or a parent including <code>document.documentElement</code>). Note however, this will disable copy\\paste on the element and cause it to be highlighted when touched.</li>\n        </ol>\n      </li>\n      <li>Calling <a href=\"/event.stopPropagation/\"><code>event.stopPropagation()</code></a> in the event handler is ineffective in stopping event handlers attached lower in the document; the event has already propagated to <code>document</code>.</li>\n      <li>The <code>.live()</code> method interacts with other event methods in ways that can be surprising, e.g., <code>$( document ).off( \"click\" )</code> removes all click handlers attached by any call to <code>.live()</code>!</li>\n    </ul>\n    <p>For pages still using <code>.live()</code>, this list of version-specific differences may be helpful:</p>\n    <ul>\n      <li>Before jQuery 1.7, to stop further handlers from executing after one bound using <code>.live()</code>, the handler must return <code>false</code>. Calling <code>.stopPropagation()</code> will not accomplish this.</li>\n      <li>As of <b>jQuery 1.4</b> the <code>.live()</code> method supports custom events as well as <em>all JavaScript events that bubble</em>. It also supports certain events that don't bubble, including <code>change</code>, <code>submit</code>, <code>focus</code> and <code>blur</code>.</li>\n      <li>In <b>jQuery 1.3.x</b> only the following JavaScript events could be bound: <code>click</code>, <code>dblclick</code>, <code>keydown</code>, <code>keypress</code>, <code>keyup</code>, <code>mousedown</code>, <code>mousemove</code>, <code>mouseout</code>, <code>mouseover</code>, and <code>mouseup</code>.</li>\n    </ul>\n  "}]}