{"name":"multiple","type":"selector","title":"Multiple Selector (\"selector1, selector2, selectorN\")","deprecated":null,"removed":null,"desc":"Selects the combined results of all the specified selectors.","categories":["selectors/basic-css-selectors","version/1.0"],"entries":[{"return":"","signatures":{"added":"1.0","argument":[{"desc":"Any valid selector.","name":"selector1","type":"Selector"},{"desc":"Another valid selector.","name":"selector2","type":"Selector"},{"desc":"As many more valid selectors as you like.","name":"selectorN","optional":"true","type":"Selector"}]},"examples":[{"desc":"Finds the elements that match any of these three selectors.","code":"\n$( \"div, span, p.myClass\" ).css( \"border\", \"3px solid red\" );\n","html":"\n<div>div</div>\n<p class=\"myClass\">p class=\"myClass\"</p>\n<p class=\"notMyClass\">p class=\"notMyClass\"</p>\n<span>span</span>\n","css":"\n  div, span, p {\n    width: 126px;\n    height: 60px;\n    float: left;\n    padding: 3px;\n    margin: 2px;\n    background-color: #eee;\n    font-size: 14px;\n  }\n"},{"desc":"Show the order in the jQuery object.","code":"\nvar list = $( \"div, p, span\" )\n  .map( function() {\n    return this.tagName;\n  })\n  .get()\n  .join( \", \" );\n$( \"b\" ).append( document.createTextNode( list ) );\n","css":"\n  b {\n    color: red;\n    font-size: 16px;\n    display: block;\n    clear:left;\n  }\n  div, span, p {\n    width: 40px;\n    height: 40px;\n    float: left;\n    margin: 10px;\n    background-color: blue;\n    padding: 3px;\n    color: white;\n  }\n","html":"\n<span>span</span>\n<p>p</p>\n<p>p</p>\n<div>div</div>\n<span>span</span>\n<p>p</p>\n<div>div</div>\n<b></b>\n"}],"longdesc":"\n    <p>You can specify any number of selectors to combine into a single result.  This multiple expression combinator is an efficient way to select disparate elements. The order of the DOM elements in the returned jQuery object may not be identical, as they will be in document order. An alternative to this combinator is the .<a href=\"/add/\">add()</a> method.</p>\n  "}],"slug":"multiple-selector"}